repetition,k_3_l2,k_3_success,k_3_factor,k_3_gw,k_6_l2,k_6_success,k_6_factor,k_6_gw,k_8_l2,k_8_success,k_8_factor,k_8_gw,k_11_l2,k_11_success,k_11_factor,k_11_gw,k_13_l2,k_13_success,k_13_factor,k_13_gw,k_16_l2,k_16_success,k_16_factor,k_16_gw,k_18_l2,k_18_success,k_18_factor,k_18_gw,k_21_l2,k_21_success,k_21_factor,k_21_gw,k_23_l2,k_23_success,k_23_factor,k_23_gw,k_26_l2,k_26_success,k_26_factor,k_26_gw,k_28_l2,k_28_success,k_28_factor,k_28_gw,k_31_l2,k_31_success,k_31_factor,k_31_gw,k_33_l2,k_33_success,k_33_factor,k_33_gw,k_36_l2,k_36_success,k_36_factor,k_36_gw,k_38_l2,k_38_success,k_38_factor,k_38_gw,k_41_l2,k_41_success,k_41_factor,k_41_gw,k_43_l2,k_43_success,k_43_factor,k_43_gw,k_46_l2,k_46_success,k_46_factor,k_46_gw,k_48_l2,k_48_success,k_48_factor,k_48_gw,k_51_l2,k_51_success,k_51_factor,k_51_gw
0,0.05540511075691964,True,0.17647058823529413,,0.046940314134078,True,0.35294117647058826,,0.04323096904608999,True,0.47058823529411764,,0.04318266686739474,True,0.6470588235294118,,0.042876994093164505,True,0.7647058823529411,,0.04293186090457942,True,0.9411764705882353,,0.042991147571422805,True,1.0588235294117647,,0.04304167849055121,True,1.2352941176470589,,0.04306276947099411,True,1.3529411764705883,,0.043142989358633206,True,1.5294117647058822,,0.04318747908493465,True,1.6470588235294117,,0.04323380439949035,True,1.8235294117647058,,0.04325384677325901,True,1.9411764705882353,,0.0433018042446535,True,2.1176470588235294,,0.04334388819562592,True,2.235294117647059,,0.04338455828212801,True,2.411764705882353,,0.043798505770364246,True,2.5294117647058822,,0.043537020126520505,True,2.7058823529411766,,0.04352590172512479,True,2.823529411764706,,0.04410256433808102,True,3.0,
1,0.05537729669479776,True,0.17647058823529413,,0.04664697496673315,True,0.35294117647058826,,0.043245287707545425,True,0.47058823529411764,,0.04317626158323901,True,0.6470588235294118,,0.0430211355466483,True,0.7647058823529411,,0.04302104354684785,True,0.9411764705882353,,0.04305251037606629,True,1.0588235294117647,,0.04309998576598301,True,1.2352941176470589,,0.043179280234775116,True,1.3529411764705883,,0.043249916212405905,True,1.5294117647058822,,0.043293655964691515,True,1.6470588235294117,,0.04333566882948058,True,1.8235294117647058,,0.04338595656589611,True,1.9411764705882353,,0.043509828351876174,True,2.1176470588235294,,0.04369495256500583,True,2.235294117647059,,0.043685110823373174,True,2.411764705882353,,0.04357419666283045,True,2.5294117647058822,,0.04364855492774647,True,2.7058823529411766,,0.043929484887877804,True,2.823529411764706,,0.0439395819334201,True,3.0,
2,0.05538253559394156,True,0.17647058823529413,,0.04683555461012303,True,0.35294117647058826,,0.04409349765736249,True,0.47058823529411764,,0.0429159069766733,True,0.6470588235294118,,0.043044254662135954,True,0.7647058823529411,,0.0430046581612898,True,0.9411764705882353,,0.04300817603567713,True,1.0588235294117647,,0.04307097471257307,True,1.2352941176470589,,0.04312932651482019,True,1.3529411764705883,,0.043255068971403916,True,1.5294117647058822,,0.043242086967877125,True,1.6470588235294117,,0.04334990750764577,True,1.8235294117647058,,0.04336567704462409,True,1.9411764705882353,,0.04344428125668629,True,2.1176470588235294,,0.043498574651388996,True,2.235294117647059,,0.04369561213828031,True,2.411764705882353,,0.04355969853660282,True,2.5294117647058822,,0.0437000288086082,True,2.7058823529411766,,0.04370460772252216,True,2.823529411764706,,0.04383930052942392,True,3.0,
3,0.05540709669094183,True,0.17647058823529413,,0.04702520388803219,True,0.35294117647058826,,0.043301139690494816,True,0.47058823529411764,,0.04326304111300723,True,0.6470588235294118,,0.0430857085973374,True,0.7647058823529411,,0.04299588886806654,True,0.9411764705882353,,0.043077202812875574,True,1.0588235294117647,,0.043074119114767884,True,1.2352941176470589,,0.04315477933703505,True,1.3529411764705883,,0.0432684979574898,True,1.5294117647058822,,0.0432833175236134,True,1.6470588235294117,,0.043348396256226024,True,1.8235294117647058,,0.04339528566900725,True,1.9411764705882353,,0.04345083356150311,True,2.1176470588235294,,0.04350235978769235,True,2.235294117647059,,0.04376926962271002,True,2.411764705882353,,0.04355538472543472,True,2.5294117647058822,,0.04384987310342602,True,2.7058823529411766,,0.043724693859591615,True,2.823529411764706,,0.043958332269833186,True,3.0,
4,0.05537561844196324,True,0.17647058823529413,,0.04434693904359647,True,0.35294117647058826,,0.043197765616626874,True,0.47058823529411764,,0.043112943832949294,True,0.6470588235294118,,0.043006289975776386,True,0.7647058823529411,,0.042987787051831323,True,0.9411764705882353,,0.043000417371673205,True,1.0588235294117647,,0.043078930127650995,True,1.2352941176470589,,0.04309414791552187,True,1.3529411764705883,,0.043188877455490854,True,1.5294117647058822,,0.0432617732362114,True,1.6470588235294117,,0.04330516149323784,True,1.8235294117647058,,0.043316095824948775,True,1.9411764705882353,,0.043369186668952814,True,2.1176470588235294,,0.043480432480094505,True,2.235294117647059,,0.04349511292482663,True,2.411764705882353,,0.04358406757074288,True,2.5294117647058822,,0.04362431322621581,True,2.7058823529411766,,0.043701456273401794,True,2.823529411764706,,0.04388350427095038,True,3.0,
5,0.05538176699578842,True,0.17647058823529413,,0.04438508775138562,True,0.35294117647058826,,0.04403118930635844,True,0.47058823529411764,,0.04316754947887842,True,0.6470588235294118,,0.04295227062280086,True,0.7647058823529411,,0.043102306228767116,True,0.9411764705882353,,0.04309256582570192,True,1.0588235294117647,,0.04316252702291145,True,1.2352941176470589,,0.04324339472195285,True,1.3529411764705883,,0.04335732303253626,True,1.5294117647058822,,0.04339494846781741,True,1.6470588235294117,,0.04348915541046989,True,1.8235294117647058,,0.043506358761518066,True,1.9411764705882353,,0.04356813350970312,True,2.1176470588235294,,0.043651304826464864,True,2.235294117647059,,0.043706920351878634,True,2.411764705882353,,0.04383760480746855,True,2.5294117647058822,,0.043885733109690156,True,2.7058823529411766,,0.044019546913923936,True,2.823529411764706,,0.04422848133243702,True,3.0,
6,0.05539663758153937,True,0.17647058823529413,,0.04437521806174857,True,0.35294117647058826,,0.044023484048027105,True,0.47058823529411764,,0.04313954621969989,True,0.6470588235294118,,0.043053764318214276,True,0.7647058823529411,,0.04304228301594818,True,0.9411764705882353,,0.043094092753039895,True,1.0588235294117647,,0.04316768581167789,True,1.2352941176470589,,0.04320179817450349,True,1.3529411764705883,,0.04329562282702019,True,1.5294117647058822,,0.04331268913004549,True,1.6470588235294117,,0.04339504110268612,True,1.8235294117647058,,0.043460298983471646,True,1.9411764705882353,,0.04350587655552317,True,2.1176470588235294,,0.04357664416180357,True,2.235294117647059,,0.04360245825654314,True,2.411764705882353,,0.04363849021271044,True,2.5294117647058822,,0.04394450931554843,True,2.7058823529411766,,0.044009114032075004,True,2.823529411764706,,0.044510512161711584,True,3.0,
7,0.05540902932472976,True,0.17647058823529413,,0.04695334930524055,True,0.35294117647058826,,0.044172169391955764,True,0.47058823529411764,,0.04323378805941049,True,0.6470588235294118,,0.04309564566548798,True,0.7647058823529411,,0.04307237808621666,True,0.9411764705882353,,0.0430853167432838,True,1.0588235294117647,,0.04314333032816443,True,1.2352941176470589,,0.04320371357920155,True,1.3529411764705883,,0.04326542754493843,True,1.5294117647058822,,0.04334995395345301,True,1.6470588235294117,,0.04336319499873886,True,1.8235294117647058,,0.0434298062619184,True,1.9411764705882353,,0.043492681894995236,True,2.1176470588235294,,0.04358942975093693,True,2.235294117647059,,0.043780365775754775,True,2.411764705882353,,0.04361913224006821,True,2.5294117647058822,,0.04381956450429491,True,2.7058823529411766,,0.043815396568728425,True,2.823529411764706,,0.04383990180180705,True,3.0,
8,0.05542483480501981,True,0.17647058823529413,,0.047029384614864084,True,0.35294117647058826,,0.044182713049414846,True,0.47058823529411764,,0.04320906643471254,True,0.6470588235294118,,0.04306033334997118,True,0.7647058823529411,,0.04301337658204578,True,0.9411764705882353,,0.04303465636485931,True,1.0588235294117647,,0.04305742801564174,True,1.2352941176470589,,0.04309362979069033,True,1.3529411764705883,,0.043162135783068774,True,1.5294117647058822,,0.043204954381006286,True,1.6470588235294117,,0.04329117131081495,True,1.8235294117647058,,0.04333437168722657,True,1.9411764705882353,,0.04337541830787606,True,2.1176470588235294,,0.04372988972514193,True,2.235294117647059,,0.04348447782616957,True,2.411764705882353,,0.04355511185740724,True,2.5294117647058822,,0.04363481004227155,True,2.7058823529411766,,0.043779315996030806,True,2.823529411764706,,0.04378442687203858,True,3.0,
9,0.05541072264856494,True,0.17647058823529413,,0.04702282610616046,True,0.35294117647058826,,0.04415181821056851,True,0.47058823529411764,,0.04285610345386296,True,0.6470588235294118,,0.042975850392470115,True,0.7647058823529411,,0.0428458898310291,True,0.9411764705882353,,0.04287610725458015,True,1.0588235294117647,,0.04291133069793023,True,1.2352941176470589,,0.042967378774607316,True,1.3529411764705883,,0.043036980262628394,True,1.5294117647058822,,0.043071908177632456,True,1.6470588235294117,,0.043115587646199265,True,1.8235294117647058,,0.04315917719166334,True,1.9411764705882353,,0.043252565569977544,True,2.1176470588235294,,0.04324948697629291,True,2.235294117647059,,0.04330853459884082,True,2.411764705882353,,0.0432897350641339,True,2.5294117647058822,,0.04339672363318236,True,2.7058823529411766,,0.043531926104780495,True,2.823529411764706,,0.04353210124739645,True,3.0,
10,0.05540907412061058,True,0.17647058823529413,,0.0469466066064163,True,0.35294117647058826,,0.04415370158444657,True,0.47058823529411764,,0.04322302358092407,True,0.6470588235294118,,0.043082055845428346,True,0.7647058823529411,,0.04302692897460187,True,0.9411764705882353,,0.04305308883177698,True,1.0588235294117647,,0.04311525849281505,True,1.2352941176470589,,0.04317649831074225,True,1.3529411764705883,,0.04323678152948039,True,1.5294117647058822,,0.043261690716317976,True,1.6470588235294117,,0.043325046499055817,True,1.8235294117647058,,0.04337949324049122,True,1.9411764705882353,,0.04344801558200706,True,2.1176470588235294,,0.04388469464695766,True,2.235294117647059,,0.04356756766054907,True,2.411764705882353,,0.043616018786728994,True,2.5294117647058822,,0.043674024380840365,True,2.7058823529411766,,0.04376379038554698,True,2.823529411764706,,0.04403554405010745,True,3.0,
11,0.05537844648739661,True,0.17647058823529413,,0.04442375792939692,True,0.35294117647058826,,0.044097314714592134,True,0.47058823529411764,,0.043236333914675386,True,0.6470588235294118,,0.04313923108912895,True,0.7647058823529411,,0.04313740793382395,True,0.9411764705882353,,0.04317011375482409,True,1.0588235294117647,,0.04324795666957958,True,1.2352941176470589,,0.04329170261400013,True,1.3529411764705883,,0.04341092757149034,True,1.5294117647058822,,0.04346544566653711,True,1.6470588235294117,,0.043530353170875974,True,1.8235294117647058,,0.043574948484200286,True,1.9411764705882353,,0.04365728359395544,True,2.1176470588235294,,0.04369595633046788,True,2.235294117647059,,0.044028957116477294,True,2.411764705882353,,0.04385067628740933,True,2.5294117647058822,,0.04383074196912163,True,2.7058823529411766,,0.0440658302095827,True,2.823529411764706,,0.04394060060174647,True,3.0,
12,0.05540626832629094,True,0.17647058823529413,,0.04446763522719236,True,0.35294117647058826,,0.04328467673877935,True,0.47058823529411764,,0.042967001189054575,True,0.6470588235294118,,0.04306780398946936,True,0.7647058823529411,,0.04301832711754087,True,0.9411764705882353,,0.04306604306426674,True,1.0588235294117647,,0.043098564835438134,True,1.2352941176470589,,0.04315438169710051,True,1.3529411764705883,,0.04320993946024591,True,1.5294117647058822,,0.043277686865114254,True,1.6470588235294117,,0.0433040139174919,True,1.8235294117647058,,0.04336085969996304,True,1.9411764705882353,,0.043397589517834435,True,2.1176470588235294,,0.04345134989561706,True,2.235294117647059,,0.043578787586396175,True,2.411764705882353,,0.04358566374427333,True,2.5294117647058822,,0.04408871314175677,True,2.7058823529411766,,0.043876619694648324,True,2.823529411764706,,0.04380205188291139,True,3.0,
13,0.055402978433283935,True,0.17647058823529413,,0.04693333024022518,True,0.35294117647058826,,0.04331292789719703,True,0.47058823529411764,,0.04322548576565253,True,0.6470588235294118,,0.043076958077556744,True,0.7647058823529411,,0.04307242475039559,True,0.9411764705882353,,0.043089603631277,True,1.0588235294117647,,0.04316882984755919,True,1.2352941176470589,,0.04321588860884274,True,1.3529411764705883,,0.04330222032593674,True,1.5294117647058822,,0.043333210845996936,True,1.6470588235294117,,0.043423261879787366,True,1.8235294117647058,,0.04343717024988162,True,1.9411764705882353,,0.04353010754192498,True,2.1176470588235294,,0.04360275618933645,True,2.235294117647059,,0.0436150744285735,True,2.411764705882353,,0.04364340915775104,True,2.5294117647058822,,0.043929358820879075,True,2.7058823529411766,,0.04396680902382174,True,2.823529411764706,,0.044034481028798776,True,3.0,
14,0.05539076281114797,True,0.17647058823529413,,0.04695541760787661,True,0.35294117647058826,,0.04416254847578011,True,0.47058823529411764,,0.04298893974285315,True,0.6470588235294118,,0.04307995318202363,True,0.7647058823529411,,0.0430358971075297,True,0.9411764705882353,,0.04304103543140461,True,1.0588235294117647,,0.04309772650558248,True,1.2352941176470589,,0.04314400334867343,True,1.3529411764705883,,0.04324008869678401,True,1.5294117647058822,,0.043300822054389704,True,1.6470588235294117,,0.04335517028474195,True,1.8235294117647058,,0.043392537117125145,True,1.9411764705882353,,0.04344490784284274,True,2.1176470588235294,,0.04348142580014982,True,2.235294117647059,,0.04356181860947909,True,2.411764705882353,,0.04360440809940966,True,2.5294117647058822,,0.043722684810386374,True,2.7058823529411766,,0.0437995760070073,True,2.823529411764706,,0.04374468958256758,True,3.0,
15,0.055374367245903645,True,0.17647058823529413,,0.04641727152335771,True,0.35294117647058826,,0.04301753628170369,True,0.47058823529411764,,0.04303819138011268,True,0.6470588235294118,,0.04289121850977129,True,0.7647058823529411,,0.042954214279589335,True,0.9411764705882353,,0.04299106004889189,True,1.0588235294117647,,0.043088130765430055,True,1.2352941176470589,,0.043156288546352305,True,1.3529411764705883,,0.04331807107804967,True,1.5294117647058822,,0.0433260973992823,True,1.6470588235294117,,0.04338865839008662,True,1.8235294117647058,,0.04344648597666384,True,1.9411764705882353,,0.04354237506727651,True,2.1176470588235294,,0.04356546000522575,True,2.235294117647059,,0.043611834661755076,True,2.411764705882353,,0.043662372459942554,True,2.5294117647058822,,0.04379462617779697,True,2.7058823529411766,,0.04412537997802057,True,2.823529411764706,,0.04423090076096789,True,3.0,
16,0.05541030455134041,True,0.17647058823529413,,0.04447987019695149,True,0.35294117647058826,,0.0441000381232143,True,0.47058823529411764,,0.043234369667765546,True,0.6470588235294118,,0.04311607564290492,True,0.7647058823529411,,0.043057265501841836,True,0.9411764705882353,,0.04309225549888152,True,1.0588235294117647,,0.04315807139085619,True,1.2352941176470589,,0.04320711603267583,True,1.3529411764705883,,0.043294989059140164,True,1.5294117647058822,,0.04333926675441951,True,1.6470588235294117,,0.04340388220644649,True,1.8235294117647058,,0.043442200186363564,True,1.9411764705882353,,0.043545477568302515,True,2.1176470588235294,,0.043535765500690674,True,2.235294117647059,,0.043703902705617984,True,2.411764705882353,,0.04366151745681234,True,2.5294117647058822,,0.04374248373749782,True,2.7058823529411766,,0.043835534834873326,True,2.823529411764706,,0.04417220425497654,True,3.0,
17,0.05540933554639648,True,0.17647058823529413,,0.04712471024317056,True,0.35294117647058826,,0.043368006365826134,True,0.47058823529411764,,0.043292103747877037,True,0.6470588235294118,,0.04311363994794149,True,0.7647058823529411,,0.04307954420785173,True,0.9411764705882353,,0.04306683864818319,True,1.0588235294117647,,0.04311028341882542,True,1.2352941176470589,,0.043152841206491224,True,1.3529411764705883,,0.04321511458087524,True,1.5294117647058822,,0.04330199637825833,True,1.6470588235294117,,0.04332028783174985,True,1.8235294117647058,,0.04338687473383602,True,1.9411764705882353,,0.04352480754767188,True,2.1176470588235294,,0.04346802970805536,True,2.235294117647059,,0.04353756660757622,True,2.411764705882353,,0.04355437796323632,True,2.5294117647058822,,0.043670562243823055,True,2.7058823529411766,,0.04379486115760002,True,2.823529411764706,,0.04387586719779076,True,3.0,
18,0.05541371191282168,True,0.17647058823529413,,0.04714465271425787,True,0.35294117647058826,,0.043337391901188356,True,0.47058823529411764,,0.04326491752525794,True,0.6470588235294118,,0.0431062363178137,True,0.7647058823529411,,0.04302933178376029,True,0.9411764705882353,,0.04304900452163456,True,1.0588235294117647,,0.043093943146053214,True,1.2352941176470589,,0.04314234063551401,True,1.3529411764705883,,0.04323774540793769,True,1.5294117647058822,,0.04328631402702118,True,1.6470588235294117,,0.043354974179858244,True,1.8235294117647058,,0.043392955875888886,True,1.9411764705882353,,0.04344885020919752,True,2.1176470588235294,,0.04351473361296277,True,2.235294117647059,,0.043576504025942424,True,2.411764705882353,,0.04358494327067485,True,2.5294117647058822,,0.04393904299868372,True,2.7058823529411766,,0.043759533333137535,True,2.823529411764706,,0.043954616158643815,True,3.0,
19,0.05540875697279135,True,0.17647058823529413,,0.046808732853963045,True,0.35294117647058826,,0.044065594897039824,True,0.47058823529411764,,0.04314997522460635,True,0.6470588235294118,,0.04297806469422687,True,0.7647058823529411,,0.04293392813185084,True,0.9411764705882353,,0.04294180774294962,True,1.0588235294117647,,0.04298625931309519,True,1.2352941176470589,,0.04303989245409728,True,1.3529411764705883,,0.04313309436406271,True,1.5294117647058822,,0.04315187435895993,True,1.6470588235294117,,0.043238804791892696,True,1.8235294117647058,,0.043272690920089375,True,1.9411764705882353,,0.043366347694988885,True,2.1176470588235294,,0.043377982646131755,True,2.235294117647059,,0.04346700265618747,True,2.411764705882353,,0.04346176721002392,True,2.5294117647058822,,0.04380687078964507,True,2.7058823529411766,,0.04361447991912668,True,2.823529411764706,,0.04374008692960535,True,3.0,
20,0.055385188350715576,True,0.17647058823529413,,0.046793332888163175,True,0.35294117647058826,,0.04319438236872282,True,0.47058823529411764,,0.04313284177164092,True,0.6470588235294118,,0.042990251385586827,True,0.7647058823529411,,0.04295488785582797,True,0.9411764705882353,,0.042960553664857806,True,1.0588235294117647,,0.0430306308212189,True,1.2352941176470589,,0.04307854397016498,True,1.3529411764705883,,0.0431786526465672,True,1.5294117647058822,,0.04323633507826979,True,1.6470588235294117,,0.04329418893287835,True,1.8235294117647058,,0.043331621211961824,True,1.9411764705882353,,0.04337729284710363,True,2.1176470588235294,,0.04346500778167077,True,2.235294117647059,,0.04354038157733103,True,2.411764705882353,,0.04360307745516323,True,2.5294117647058822,,0.043831466300876296,True,2.7058823529411766,,0.04378697604851172,True,2.823529411764706,,0.043819564740003196,True,3.0,
21,0.05540714974361019,True,0.17647058823529413,,0.04694182289734329,True,0.35294117647058826,,0.04416345908117424,True,0.47058823529411764,,0.04317098088039812,True,0.6470588235294118,,0.04302550605714504,True,0.7647058823529411,,0.042954691511984076,True,0.9411764705882353,,0.04297168372292306,True,1.0588235294117647,,0.043034044669074394,True,1.2352941176470589,,0.043084497843896265,True,1.3529411764705883,,0.043209265607276504,True,1.5294117647058822,,0.04325588732100166,True,1.6470588235294117,,0.043346600429305646,True,1.8235294117647058,,0.04335035598861385,True,1.9411764705882353,,0.04350361574862736,True,2.1176470588235294,,0.043462126325534235,True,2.235294117647059,,0.04384030611820961,True,2.411764705882353,,0.04358507285289089,True,2.5294117647058822,,0.04368682624064919,True,2.7058823529411766,,0.04370709137235891,True,2.823529411764706,,0.04426751960896006,True,3.0,
22,0.055373320627295365,True,0.17647058823529413,,0.04435080352493257,True,0.35294117647058826,,0.043971681341579805,True,0.47058823529411764,,0.04314239042761113,True,0.6470588235294118,,0.04303460984854369,True,0.7647058823529411,,0.04301929914965442,True,0.9411764705882353,,0.04306203129013214,True,1.0588235294117647,,0.0431098867349018,True,1.2352941176470589,,0.04318870207222352,True,1.3529411764705883,,0.04325310773925794,True,1.5294117647058822,,0.043330980820053655,True,1.6470588235294117,,0.04339831436856672,True,1.8235294117647058,,0.04344692004020292,True,1.9411764705882353,,0.04348911890269966,True,2.1176470588235294,,0.04350667596753675,True,2.235294117647059,,0.0435743133863804,True,2.411764705882353,,0.043646356210357354,True,2.5294117647058822,,0.04381949971119047,True,2.7058823529411766,,0.04374637327934856,True,2.823529411764706,,0.04379954610992647,True,3.0,
23,0.055430746335400016,True,0.17647058823529413,,0.047151650303395076,True,0.35294117647058826,,0.04339313054163438,True,0.47058823529411764,,0.04335592150931952,True,0.6470588235294118,,0.04319695348191083,True,0.7647058823529411,,0.04312666544291246,True,0.9411764705882353,,0.04312606791644465,True,1.0588235294117647,,0.0431816261483122,True,1.2352941176470589,,0.043209361001743544,True,1.3529411764705883,,0.04330883877239163,True,1.5294117647058822,,0.04336249601135709,True,1.6470588235294117,,0.043414713458211275,True,1.8235294117647058,,0.04345325519786858,True,1.9411764705882353,,0.04352283333223015,True,2.1176470588235294,,0.04354883859553179,True,2.235294117647059,,0.04357370106954177,True,2.411764705882353,,0.04388083646120649,True,2.5294117647058822,,0.043801566898566,True,2.7058823529411766,,0.043894204952232785,True,2.823529411764706,,0.04381508533950661,True,3.0,
24,0.05538946410877209,True,0.17647058823529413,,0.046809690199675756,True,0.35294117647058826,,0.0431761953734416,True,0.47058823529411764,,0.043120424485617585,True,0.6470588235294118,,0.042828205482677816,True,0.7647058823529411,,0.042906918367886765,True,0.9411764705882353,,0.04294271300744882,True,1.0588235294117647,,0.04297814943787458,True,1.2352941176470589,,0.043016850621667914,True,1.3529411764705883,,0.04312831980837861,True,1.5294117647058822,,0.043167116649710166,True,1.6470588235294117,,0.04318973634420129,True,1.8235294117647058,,0.04320096261825179,True,1.9411764705882353,,0.04328689266922411,True,2.1176470588235294,,0.04333989454238437,True,2.235294117647059,,0.04334106485837215,True,2.411764705882353,,0.04339344413345147,True,2.5294117647058822,,0.04350997888534302,True,2.7058823529411766,,0.043679033995225866,True,2.823529411764706,,0.043816719152443506,True,3.0,
25,0.05538450711799613,True,0.17647058823529413,,0.04687203543863214,True,0.35294117647058826,,0.04324849979282606,True,0.47058823529411764,,0.043208824531650605,True,0.6470588235294118,,0.043046857448055524,True,0.7647058823529411,,0.043009673365564556,True,0.9411764705882353,,0.043062643874676974,True,1.0588235294117647,,0.04311483871115645,True,1.2352941176470589,,0.04315154190401267,True,1.3529411764705883,,0.0432911912453563,True,1.5294117647058822,,0.0433408545553747,True,1.6470588235294117,,0.043394219202659706,True,1.8235294117647058,,0.04345808475706429,True,1.9411764705882353,,0.04355566539083867,True,2.1176470588235294,,0.04356908689637919,True,2.235294117647059,,0.04362220937608422,True,2.411764705882353,,0.043723041852208336,True,2.5294117647058822,,0.04378567935734875,True,2.7058823529411766,,0.044219912842526736,True,2.823529411764706,,0.04397546691052489,True,3.0,
26,0.05538031010494913,True,0.17647058823529413,,0.04436293292635172,True,0.35294117647058826,,0.043997582100342776,True,0.47058823529411764,,0.043113062674233066,True,0.6470588235294118,,0.0428721626567249,True,0.7647058823529411,,0.042957977854626635,True,0.9411764705882353,,0.04300243793254228,True,1.0588235294117647,,0.043068027132095184,True,1.2352941176470589,,0.043124748585349246,True,1.3529411764705883,,0.043261140476223835,True,1.5294117647058822,,0.04333570626465635,True,1.6470588235294117,,0.043342591936689774,True,1.8235294117647058,,0.04341702686113183,True,1.9411764705882353,,0.04350785541617724,True,2.1176470588235294,,0.04352348028938968,True,2.235294117647059,,0.04361134065663733,True,2.411764705882353,,0.043732336155265644,True,2.5294117647058822,,0.0437972117596447,True,2.7058823529411766,,0.0437460003639546,True,2.823529411764706,,0.043922218415122866,True,3.0,
27,0.055402056274396184,True,0.17647058823529413,,0.04452925811126438,True,0.35294117647058826,,0.044173544950868185,True,0.47058823529411764,,0.04331328074235327,True,0.6470588235294118,,0.04320949184378334,True,0.7647058823529411,,0.043197557457303346,True,0.9411764705882353,,0.043229806668438224,True,1.0588235294117647,,0.04330528670768407,True,1.2352941176470589,,0.04336799590564359,True,1.3529411764705883,,0.04349844582004215,True,1.5294117647058822,,0.04354051038939605,True,1.6470588235294117,,0.04360395412922632,True,1.8235294117647058,,0.043623875299924994,True,1.9411764705882353,,0.04370429625149469,True,2.1176470588235294,,0.043727921189312326,True,2.235294117647059,,0.04419372187622147,True,2.411764705882353,,0.04387911810216139,True,2.5294117647058822,,0.04413629386022169,True,2.7058823529411766,,0.04414028178725738,True,2.823529411764706,,0.044609372080791944,True,3.0,
28,0.05540345402465721,True,0.17647058823529413,,0.04690293056782265,True,0.35294117647058826,,0.04326468809723114,True,0.47058823529411764,,0.04318390705177303,True,0.6470588235294118,,0.04304385416238762,True,0.7647058823529411,,0.04298358637427274,True,0.9411764705882353,,0.04302915031379508,True,1.0588235294117647,,0.04305122398724563,True,1.2352941176470589,,0.043096379318477936,True,1.3529411764705883,,0.043207384840923735,True,1.5294117647058822,,0.043249325535886354,True,1.6470588235294117,,0.0432930986792971,True,1.8235294117647058,,0.04332236327782609,True,1.9411764705882353,,0.04340784533154121,True,2.1176470588235294,,0.04347441790220705,True,2.235294117647059,,0.043521064066524416,True,2.411764705882353,,0.043585776319267855,True,2.5294117647058822,,0.0436662744708546,True,2.7058823529411766,,0.043788962677357206,True,2.823529411764706,,0.043764461624064756,True,3.0,
29,0.055404153359734885,True,0.17647058823529413,,0.04442181471188508,True,0.35294117647058826,,0.04407041723830881,True,0.47058823529411764,,0.043113637543912973,True,0.6470588235294118,,0.042986610405297145,True,0.7647058823529411,,0.04292279002842564,True,0.9411764705882353,,0.04295192031891658,True,1.0588235294117647,,0.043022303059031174,True,1.2352941176470589,,0.04309941849964343,True,1.3529411764705883,,0.043219440012114155,True,1.5294117647058822,,0.043284918768752755,True,1.6470588235294117,,0.04334972529833654,True,1.8235294117647058,,0.04340344205268405,True,1.9411764705882353,,0.04344065023700661,True,2.1176470588235294,,0.043462568770935434,True,2.235294117647059,,0.04361290671983761,True,2.411764705882353,,0.043619671707361196,True,2.5294117647058822,,0.04411678103805251,True,2.7058823529411766,,0.043792824763133884,True,2.823529411764706,,0.0438498649804545,True,3.0,
30,0.0554885739255256,True,0.17647058823529413,,0.04719739222162397,True,0.35294117647058826,,0.043480954566808644,True,0.47058823529411764,,0.04312784284941742,True,0.6470588235294118,,0.04324300467405358,True,0.7647058823529411,,0.0431725089877741,True,0.9411764705882353,,0.04318418265882422,True,1.0588235294117647,,0.043222542231846066,True,1.2352941176470589,,0.04326503774900036,True,1.3529411764705883,,0.043339101725675955,True,1.5294117647058822,,0.04339994252594558,True,1.6470588235294117,,0.04346163339135489,True,1.8235294117647058,,0.04347899648798727,True,1.9411764705882353,,0.04352439335625371,True,2.1176470588235294,,0.043602620786255986,True,2.235294117647059,,0.043623792783693084,True,2.411764705882353,,0.043731493088506795,True,2.5294117647058822,,0.04376154407038201,True,2.7058823529411766,,0.04383494359332315,True,2.823529411764706,,0.043892164147401554,True,3.0,
31,0.05538125342992215,True,0.17647058823529413,,0.044434787470890795,True,0.35294117647058826,,0.04406039980369052,True,0.47058823529411764,,0.043158025046104956,True,0.6470588235294118,,0.043026289892333994,True,0.7647058823529411,,0.04299880341460514,True,0.9411764705882353,,0.04301597288905668,True,1.0588235294117647,,0.043087488350224905,True,1.2352941176470589,,0.043121941465192694,True,1.3529411764705883,,0.04320152374325196,True,1.5294117647058822,,0.04328328967078327,True,1.6470588235294117,,0.04334542704976467,True,1.8235294117647058,,0.04333812549263556,True,1.9411764705882353,,0.043460055123695725,True,2.1176470588235294,,0.04351960703496833,True,2.235294117647059,,0.04358791725029857,True,2.411764705882353,,0.04361183242384151,True,2.5294117647058822,,0.043636255349914464,True,2.7058823529411766,,0.04373104329577645,True,2.823529411764706,,0.043880818544754556,True,3.0,
32,0.05539429170480978,True,0.17647058823529413,,0.04684865282393552,True,0.35294117647058826,,0.04409545184998547,True,0.47058823529411764,,0.04315105675720446,True,0.6470588235294118,,0.04283154953932045,True,0.7647058823529411,,0.042929918796713214,True,0.9411764705882353,,0.042949780528755616,True,1.0588235294117647,,0.04299372883784808,True,1.2352941176470589,,0.043047680387053366,True,1.3529411764705883,,0.043106245590142235,True,1.5294117647058822,,0.043154783302673055,True,1.6470588235294117,,0.04319966569235277,True,1.8235294117647058,,0.043246342216374814,True,1.9411764705882353,,0.04330866326251351,True,2.1176470588235294,,0.04336442280810351,True,2.235294117647059,,0.043428899755460576,True,2.411764705882353,,0.043422192457071865,True,2.5294117647058822,,0.04349588473675742,True,2.7058823529411766,,0.0436116506025698,True,2.823529411764706,,0.0436318387520908,True,3.0,
33,0.05540759570990194,True,0.17647058823529413,,0.046994276945086004,True,0.35294117647058826,,0.044166241822497086,True,0.47058823529411764,,0.04295452696665546,True,0.6470588235294118,,0.043082866984131475,True,0.7647058823529411,,0.04299661118351863,True,0.9411764705882353,,0.043040765029401344,True,1.0588235294117647,,0.04309249300290902,True,1.2352941176470589,,0.043141250008421374,True,1.3529411764705883,,0.04326740572373656,True,1.5294117647058822,,0.043305643468023645,True,1.6470588235294117,,0.04339342928054724,True,1.8235294117647058,,0.043378845219588374,True,1.9411764705882353,,0.04349623908793007,True,2.1176470588235294,,0.04353168410253816,True,2.235294117647059,,0.04365585652011471,True,2.411764705882353,,0.04398758322617981,True,2.5294117647058822,,0.043942172845319184,True,2.7058823529411766,,0.04377280286070329,True,2.823529411764706,,0.04384675346342597,True,3.0,
34,0.055408202995279175,True,0.17647058823529413,,0.04680996314324537,True,0.35294117647058826,,0.04319678468093255,True,0.47058823529411764,,0.04311063759014656,True,0.6470588235294118,,0.04296343919537085,True,0.7647058823529411,,0.04292409090974124,True,0.9411764705882353,,0.04294211570193147,True,1.0588235294117647,,0.04297295100128982,True,1.2352941176470589,,0.04307580554563648,True,1.3529411764705883,,0.043134909061527144,True,1.5294117647058822,,0.0431538625832262,True,1.6470588235294117,,0.0432281200223555,True,1.8235294117647058,,0.04325013192539658,True,1.9411764705882353,,0.04333424098465557,True,2.1176470588235294,,0.043354351728694784,True,2.235294117647059,,0.043538340106652904,True,2.411764705882353,,0.04348880943911408,True,2.5294117647058822,,0.04353193076534766,True,2.7058823529411766,,0.04363628361841073,True,2.823529411764706,,0.04362037048094455,True,3.0,
35,0.05543846820331561,True,0.17647058823529413,,0.04703065036504157,True,0.35294117647058826,,0.0442311375893357,True,0.47058823529411764,,0.043239869232017336,True,0.6470588235294118,,0.04307708773550774,True,0.7647058823529411,,0.043031209161045234,True,0.9411764705882353,,0.0430883709344761,True,1.0588235294117647,,0.04308261652215477,True,1.2352941176470589,,0.04313917366828275,True,1.3529411764705883,,0.04322989698001589,True,1.5294117647058822,,0.04327347834904515,True,1.6470588235294117,,0.0433148085760445,True,1.8235294117647058,,0.04334174430605303,True,1.9411764705882353,,0.04344278993710165,True,2.1176470588235294,,0.04346149042869814,True,2.235294117647059,,0.04364821913110108,True,2.411764705882353,,0.04353001612626282,True,2.5294117647058822,,0.04383702695323188,True,2.7058823529411766,,0.043777764914472495,True,2.823529411764706,,0.04409432438729636,True,3.0,
36,0.05538785868596585,True,0.17647058823529413,,0.04445121624688409,True,0.35294117647058826,,0.04411521775473037,True,0.47058823529411764,,0.04315250588777125,True,0.6470588235294118,,0.04302759644302526,True,0.7647058823529411,,0.04295157589774847,True,0.9411764705882353,,0.042994722182687205,True,1.0588235294117647,,0.04304335483918876,True,1.2352941176470589,,0.04312739036581658,True,1.3529411764705883,,0.043247912827747086,True,1.5294117647058822,,0.043282532139151716,True,1.6470588235294117,,0.04334292839766088,True,1.8235294117647058,,0.043379040977182766,True,1.9411764705882353,,0.0434340250710111,True,2.1176470588235294,,0.043492555382242296,True,2.235294117647059,,0.04355090168910025,True,2.411764705882353,,0.043682684043669893,True,2.5294117647058822,,0.04376136179836114,True,2.7058823529411766,,0.04376999886988902,True,2.823529411764706,,0.04392637191927824,True,3.0,
37,0.05540503108641761,True,0.17647058823529413,,0.04701365488632585,True,0.35294117647058826,,0.04418364583116003,True,0.47058823529411764,,0.0431264225023813,True,0.6470588235294118,,0.04295304031656134,True,0.7647058823529411,,0.04282731038360036,True,0.9411764705882353,,0.04288676337193164,True,1.0588235294117647,,0.04290137030433443,True,1.2352941176470589,,0.042920484605641226,True,1.3529411764705883,,0.042992528158820424,True,1.5294117647058822,,0.04302578078701343,True,1.6470588235294117,,0.04306272710447544,True,1.8235294117647058,,0.04313449622710779,True,1.9411764705882353,,0.043144506608800495,True,2.1176470588235294,,0.043201171236786524,True,2.235294117647059,,0.04324873205897157,True,2.411764705882353,,0.043343425811137905,True,2.5294117647058822,,0.04334683824726123,True,2.7058823529411766,,0.043446632806213,True,2.823529411764706,,0.04346417371328093,True,3.0,
38,0.055391780174597276,True,0.17647058823529413,,0.0468764251923469,True,0.35294117647058826,,0.04327722114843605,True,0.47058823529411764,,0.04318315193361367,True,0.6470588235294118,,0.04306500710872193,True,0.7647058823529411,,0.04304228068796218,True,0.9411764705882353,,0.04305879460423381,True,1.0588235294117647,,0.043127311720702936,True,1.2352941176470589,,0.04316298838169837,True,1.3529411764705883,,0.043266667877152436,True,1.5294117647058822,,0.043335075721579575,True,1.6470588235294117,,0.04337688937153264,True,1.8235294117647058,,0.04342107830852434,True,1.9411764705882353,,0.043488250580179126,True,2.1176470588235294,,0.04354821766674423,True,2.235294117647059,,0.04364833520559707,True,2.411764705882353,,0.04365539927454897,True,2.5294117647058822,,0.04380779390942166,True,2.7058823529411766,,0.043803813996350666,True,2.823529411764706,,0.04425169907786,True,3.0,
39,0.055400053461967066,True,0.17647058823529413,,0.04443496514973601,True,0.35294117647058826,,0.04405693404999099,True,0.47058823529411764,,0.04315156156688013,True,0.6470588235294118,,0.04301108443687528,True,0.7647058823529411,,0.042979674752502174,True,0.9411764705882353,,0.04306633548814572,True,1.0588235294117647,,0.04304273119424489,True,1.2352941176470589,,0.04309587344395918,True,1.3529411764705883,,0.04320010715765097,True,1.5294117647058822,,0.04324982092344357,True,1.6470588235294117,,0.04328929708038572,True,1.8235294117647058,,0.043349517165746906,True,1.9411764705882353,,0.04342893653265735,True,2.1176470588235294,,0.04347788948034656,True,2.235294117647059,,0.04382044594475671,True,2.411764705882353,,0.043529317152497506,True,2.5294117647058822,,0.04366242344467584,True,2.7058823529411766,,0.04370314818061206,True,2.823529411764706,,0.04402725470019691,True,3.0,
40,0.055395431736229864,True,0.17647058823529413,,0.04678861063923422,True,0.35294117647058826,,0.04329094497770999,True,0.47058823529411764,,0.04318339261953623,True,0.6470588235294118,,0.04305429329915254,True,0.7647058823529411,,0.04307253419239568,True,0.9411764705882353,,0.04307801847534592,True,1.0588235294117647,,0.0431772000936639,True,1.2352941176470589,,0.0431870127359833,True,1.3529411764705883,,0.043281455082506005,True,1.5294117647058822,,0.04335819503855663,True,1.6470588235294117,,0.04341632958553385,True,1.8235294117647058,,0.043445564285231136,True,1.9411764705882353,,0.04352496360017149,True,2.1176470588235294,,0.04359940130694327,True,2.235294117647059,,0.04391687779822152,True,2.411764705882353,,0.04370178052563185,True,2.5294117647058822,,0.0440565643775678,True,2.7058823529411766,,0.04382136125063391,True,2.823529411764706,,0.04400603112381816,True,3.0,
41,0.05540586766761905,True,0.17647058823529413,,0.047037256853866345,True,0.35294117647058826,,0.04416415417336742,True,0.47058823529411764,,0.04319326965571088,True,0.6470588235294118,,0.043049080920088315,True,0.7647058823529411,,0.04298992047486474,True,0.9411764705882353,,0.042960264406842585,True,1.0588235294117647,,0.043023757186971864,True,1.2352941176470589,,0.04306969440048633,True,1.3529411764705883,,0.04316702376244229,True,1.5294117647058822,,0.04323614694407604,True,1.6470588235294117,,0.04329329055509124,True,1.8235294117647058,,0.04333004235032899,True,1.9411764705882353,,0.043415758113470475,True,2.1176470588235294,,0.04346125173823814,True,2.235294117647059,,0.04369674215919262,True,2.411764705882353,,0.04366839166947884,True,2.5294117647058822,,0.043641314688614,True,2.7058823529411766,,0.04407035571247219,True,2.823529411764706,,0.04416143052546704,True,3.0,
42,0.055414738123231534,True,0.17647058823529413,,0.046966522534110405,True,0.35294117647058826,,0.04412344466040213,True,0.47058823529411764,,0.04315749775390625,True,0.6470588235294118,,0.04303352398330054,True,0.7647058823529411,,0.04298272181204419,True,0.9411764705882353,,0.04298745096612634,True,1.0588235294117647,,0.04304751691937476,True,1.2352941176470589,,0.04314655316588241,True,1.3529411764705883,,0.04321453600060716,True,1.5294117647058822,,0.043229468509721695,True,1.6470588235294117,,0.04330371541986635,True,1.8235294117647058,,0.04336066180452287,True,1.9411764705882353,,0.04344835773929306,True,2.1176470588235294,,0.04345320504557817,True,2.235294117647059,,0.04351452866858809,True,2.411764705882353,,0.04366386301382064,True,2.5294117647058822,,0.044203423094235555,True,2.7058823529411766,,0.04373270218394868,True,2.823529411764706,,0.044132175911663324,True,3.0,
43,0.05537847098898491,True,0.17647058823529413,,0.04436804923008163,True,0.35294117647058826,,0.04401373039784313,True,0.47058823529411764,,0.04292498201517757,True,0.6470588235294118,,0.04303324996841717,True,0.7647058823529411,,0.04300546524164554,True,0.9411764705882353,,0.04303665973404685,True,1.0588235294117647,,0.0431096296663782,True,1.2352941176470589,,0.04315520648820405,True,1.3529411764705883,,0.04329743171007684,True,1.5294117647058822,,0.0433208518982295,True,1.6470588235294117,,0.04340309653281105,True,1.8235294117647058,,0.04345065237002249,True,1.9411764705882353,,0.04353599777468728,True,2.1176470588235294,,0.043530955745745885,True,2.235294117647059,,0.043687401122215204,True,2.411764705882353,,0.04374677473183019,True,2.5294117647058822,,0.044047720769663276,True,2.7058823529411766,,0.043863430890026915,True,2.823529411764706,,0.043867968187238905,True,3.0,
44,0.05539751201982885,True,0.17647058823529413,,0.046741637106128234,True,0.35294117647058826,,0.04332094532194212,True,0.47058823529411764,,0.043263153757920995,True,0.6470588235294118,,0.04313085774075482,True,0.7647058823529411,,0.043109964363455405,True,0.9411764705882353,,0.04315671406663021,True,1.0588235294117647,,0.04322076243389042,True,1.2352941176470589,,0.043248813024662505,True,1.3529411764705883,,0.04336149084173274,True,1.5294117647058822,,0.043381938426754155,True,1.6470588235294117,,0.04343491062297403,True,1.8235294117647058,,0.043465468044743966,True,1.9411764705882353,,0.04350311788847248,True,2.1176470588235294,,0.04355509987915853,True,2.235294117647059,,0.04363200611277258,True,2.411764705882353,,0.043677801054643924,True,2.5294117647058822,,0.04382199351363881,True,2.7058823529411766,,0.043837152895084705,True,2.823529411764706,,0.04390340217413092,True,3.0,
45,0.05541464440264091,True,0.17647058823529413,,0.046859232220858624,True,0.35294117647058826,,0.04411196763378365,True,0.47058823529411764,,0.04321007150275641,True,0.6470588235294118,,0.04307159318700933,True,0.7647058823529411,,0.0430494556935851,True,0.9411764705882353,,0.04305556105993758,True,1.0588235294117647,,0.04311800387012633,True,1.2352941176470589,,0.04323889501431617,True,1.3529411764705883,,0.04327202373487015,True,1.5294117647058822,,0.04331295976031852,True,1.6470588235294117,,0.04344845381066817,True,1.8235294117647058,,0.04346791011571916,True,1.9411764705882353,,0.043530384150284325,True,2.1176470588235294,,0.043587441777516604,True,2.235294117647059,,0.04362305366191535,True,2.411764705882353,,0.043721907730221735,True,2.5294117647058822,,0.04402865604749626,True,2.7058823529411766,,0.04378298999808589,True,2.823529411764706,,0.0440413406684052,True,3.0,
46,0.05538168659972267,True,0.17647058823529413,,0.04662268653218946,True,0.35294117647058826,,0.044003458505277475,True,0.47058823529411764,,0.04315476803554049,True,0.6470588235294118,,0.042940907553545425,True,0.7647058823529411,,0.043023425780909556,True,0.9411764705882353,,0.043085352985638585,True,1.0588235294117647,,0.0431407926236635,True,1.2352941176470589,,0.043220545931216124,True,1.3529411764705883,,0.04333314691717186,True,1.5294117647058822,,0.04338578445206134,True,1.6470588235294117,,0.043453235662829055,True,1.8235294117647058,,0.043490588601620826,True,1.9411764705882353,,0.0435750251463829,True,2.1176470588235294,,0.04363041504361041,True,2.235294117647059,,0.043830539543303716,True,2.411764705882353,,0.043866146289936264,True,2.5294117647058822,,0.04384781327113808,True,2.7058823529411766,,0.04399425149082465,True,2.823529411764706,,0.04410249159316157,True,3.0,
47,0.055411432423404614,True,0.17647058823529413,,0.046940824106772416,True,0.35294117647058826,,0.04415519776007933,True,0.47058823529411764,,0.04295222819754413,True,0.6470588235294118,,0.0430305404866236,True,0.7647058823529411,,0.04297230736318748,True,0.9411764705882353,,0.043024714917159944,True,1.0588235294117647,,0.043096473388550334,True,1.2352941176470589,,0.0431091254031041,True,1.3529411764705883,,0.04319529311474821,True,1.5294117647058822,,0.04325103314271349,True,1.6470588235294117,,0.043307666721947434,True,1.8235294117647058,,0.043345452744963785,True,1.9411764705882353,,0.04343105862195142,True,2.1176470588235294,,0.04345448491183246,True,2.235294117647059,,0.04351594236293813,True,2.411764705882353,,0.043675735030476975,True,2.5294117647058822,,0.043647039776929054,True,2.7058823529411766,,0.04374527738482925,True,2.823529411764706,,0.043747345315583656,True,3.0,
48,0.05541683609055097,True,0.17647058823529413,,0.04696652482355235,True,0.35294117647058826,,0.044175734253446466,True,0.47058823529411764,,0.043231022243476525,True,0.6470588235294118,,0.04309936957708552,True,0.7647058823529411,,0.043016897304702324,True,0.9411764705882353,,0.043054199706755364,True,1.0588235294117647,,0.04307681310122527,True,1.2352941176470589,,0.043137631822718646,True,1.3529411764705883,,0.04324745214663695,True,1.5294117647058822,,0.04326438397129886,True,1.6470588235294117,,0.043319812220315446,True,1.8235294117647058,,0.043365878713598885,True,1.9411764705882353,,0.04341614016793835,True,2.1176470588235294,,0.043477725969178094,True,2.235294117647059,,0.043663434347148346,True,2.411764705882353,,0.04362854104959802,True,2.5294117647058822,,0.04392930764170865,True,2.7058823529411766,,0.043775561163016105,True,2.823529411764706,,0.04387714198442771,True,3.0,
49,0.0554081871366913,True,0.17647058823529413,,0.04688711822758526,True,0.35294117647058826,,0.04327593520979873,True,0.47058823529411764,,0.04322512983424939,True,0.6470588235294118,,0.04306011597167436,True,0.7647058823529411,,0.043046807201395275,True,0.9411764705882353,,0.043126635519021,True,1.0588235294117647,,0.0431273989227531,True,1.2352941176470589,,0.04317824861737924,True,1.3529411764705883,,0.0432792584920628,True,1.5294117647058822,,0.043319423684150836,True,1.6470588235294117,,0.04337396600530861,True,1.8235294117647058,,0.043404644242365266,True,1.9411764705882353,,0.04349279342675495,True,2.1176470588235294,,0.04354558130680542,True,2.235294117647059,,0.04359822384039904,True,2.411764705882353,,0.043830182021408086,True,2.5294117647058822,,0.04385833456503261,True,2.7058823529411766,,0.043933798013405884,True,2.823529411764706,,0.04401284498794122,True,3.0,
50,0.0553798671448296,True,0.17647058823529413,,0.044402571250236854,True,0.35294117647058826,,0.04404780468785857,True,0.47058823529411764,,0.043165337111612474,True,0.6470588235294118,,0.04302608808235406,True,0.7647058823529411,,0.04303556625202914,True,0.9411764705882353,,0.043174230058333186,True,1.0588235294117647,,0.04314120949142349,True,1.2352941176470589,,0.04320541871546432,True,1.3529411764705883,,0.04330848428403229,True,1.5294117647058822,,0.043386969486191584,True,1.6470588235294117,,0.04342921609407058,True,1.8235294117647058,,0.043481830914198896,True,1.9411764705882353,,0.04355094746944168,True,2.1176470588235294,,0.043572685406097836,True,2.235294117647059,,0.043696322108071804,True,2.411764705882353,,0.04379688325858936,True,2.5294117647058822,,0.04399284852420801,True,2.7058823529411766,,0.04415310006023664,True,2.823529411764706,,0.04412465820253197,True,3.0,
51,0.05538220629472068,True,0.17647058823529413,,0.044382766445220864,True,0.35294117647058826,,0.044038355105929995,True,0.47058823529411764,,0.043120230277935524,True,0.6470588235294118,,0.04300776054652321,True,0.7647058823529411,,0.04300525877101242,True,0.9411764705882353,,0.0431080840869096,True,1.0588235294117647,,0.04312623094023204,True,1.2352941176470589,,0.04317402342199181,True,1.3529411764705883,,0.043317501038372015,True,1.5294117647058822,,0.04339025166404108,True,1.6470588235294117,,0.04345626582550922,True,1.8235294117647058,,0.04350148587193172,True,1.9411764705882353,,0.043627330347078,True,2.1176470588235294,,0.04362455465331415,True,2.235294117647059,,0.044159979855976986,True,2.411764705882353,,0.04384158213225383,True,2.5294117647058822,,0.043840456115565835,True,2.7058823529411766,,0.04408154501967656,True,2.823529411764706,,0.04398284951607481,True,3.0,
52,0.05538817996400178,True,0.17647058823529413,,0.04446110093540032,True,0.35294117647058826,,0.044118790084047226,True,0.47058823529411764,,0.04318820808605496,True,0.6470588235294118,,0.04306566671223172,True,0.7647058823529411,,0.04304868650354366,True,0.9411764705882353,,0.04308746252808017,True,1.0588235294117647,,0.04316075542628374,True,1.2352941176470589,,0.043214397946931535,True,1.3529411764705883,,0.04333187171628213,True,1.5294117647058822,,0.043385953716381605,True,1.6470588235294117,,0.0434313768259972,True,1.8235294117647058,,0.04349837511579486,True,1.9411764705882353,,0.0436249715137804,True,2.1176470588235294,,0.04360671581922435,True,2.235294117647059,,0.04404484518814519,True,2.411764705882353,,0.04434863567930798,True,2.5294117647058822,,0.044181758771540264,True,2.7058823529411766,,0.04380653901252833,True,2.823529411764706,,0.04423522515610878,True,3.0,
53,0.05543163098436628,True,0.17647058823529413,,0.0469948226588229,True,0.35294117647058826,,0.043227028227037445,True,0.47058823529411764,,0.042839929096475333,True,0.6470588235294118,,0.0429708514682118,True,0.7647058823529411,,0.042894701469610705,True,0.9411764705882353,,0.04293777650252032,True,1.0588235294117647,,0.04298342484985352,True,1.2352941176470589,,0.043075435948279214,True,1.3529411764705883,,0.04314157294275248,True,1.5294117647058822,,0.04319087843980296,True,1.6470588235294117,,0.04325905527368398,True,1.8235294117647058,,0.04331071764038393,True,1.9411764705882353,,0.0433845108787281,True,2.1176470588235294,,0.04340404621715284,True,2.235294117647059,,0.043519672347551316,True,2.411764705882353,,0.04350564677069508,True,2.5294117647058822,,0.04384685817323427,True,2.7058823529411766,,0.04363032873926153,True,2.823529411764706,,0.04385818159509201,True,3.0,
54,0.055378342384505196,True,0.17647058823529413,,0.044360936331857496,True,0.35294117647058826,,0.04318522038951518,True,0.47058823529411764,,0.043107896781544607,True,0.6470588235294118,,0.04297025324857014,True,0.7647058823529411,,0.042942510954477195,True,0.9411764705882353,,0.0429913703719887,True,1.0588235294117647,,0.043017820150049006,True,1.2352941176470589,,0.043125494648518094,True,1.3529411764705883,,0.04319421731175729,True,1.5294117647058822,,0.04324409502577573,True,1.6470588235294117,,0.043322980002108505,True,1.8235294117647058,,0.043335259413874304,True,1.9411764705882353,,0.04343086919621618,True,2.1176470588235294,,0.04346428871318456,True,2.235294117647059,,0.043494782493900444,True,2.411764705882353,,0.0435930465214096,True,2.5294117647058822,,0.044081985369015635,True,2.7058823529411766,,0.04372621514721199,True,2.823529411764706,,0.043838725925121495,True,3.0,
55,0.055385122464978606,True,0.17647058823529413,,0.04441480773178294,True,0.35294117647058826,,0.04409703158338355,True,0.47058823529411764,,0.043196650038862645,True,0.6470588235294118,,0.04307646420943425,True,0.7647058823529411,,0.04305481727041546,True,0.9411764705882353,,0.04308977502496286,True,1.0588235294117647,,0.04313931219848595,True,1.2352941176470589,,0.043199111620110565,True,1.3529411764705883,,0.04327650450974247,True,1.5294117647058822,,0.04336365371000189,True,1.6470588235294117,,0.04342973591694584,True,1.8235294117647058,,0.04345292102374475,True,1.9411764705882353,,0.04352557956905377,True,2.1176470588235294,,0.04359111528098494,True,2.235294117647059,,0.043608578089249304,True,2.411764705882353,,0.04367998072702939,True,2.5294117647058822,,0.04372093671153991,True,2.7058823529411766,,0.04386188758130939,True,2.823529411764706,,0.044171725625836725,True,3.0,
56,0.05538571026442306,True,0.17647058823529413,,0.04687869989706216,True,0.35294117647058826,,0.0441212300726126,True,0.47058823529411764,,0.043137322151269385,True,0.6470588235294118,,0.042959319695478206,True,0.7647058823529411,,0.042891589062416136,True,0.9411764705882353,,0.042957838265607444,True,1.0588235294117647,,0.04294953828306789,True,1.2352941176470589,,0.04300428196244792,True,1.3529411764705883,,0.04307407280257044,True,1.5294117647058822,,0.04312126888663366,True,1.6470588235294117,,0.04316644381926245,True,1.8235294117647058,,0.04321055779495073,True,1.9411764705882353,,0.04331900360081363,True,2.1176470588235294,,0.043264622481927764,True,2.235294117647059,,0.04336412842919166,True,2.411764705882353,,0.04342831841164918,True,2.5294117647058822,,0.043434378766781884,True,2.7058823529411766,,0.04374358119642795,True,2.823529411764706,,0.043621919611735296,True,3.0,
57,0.055409423043537416,True,0.17647058823529413,,0.04447298328349485,True,0.35294117647058826,,0.04412868218084306,True,0.47058823529411764,,0.04318632397571491,True,0.6470588235294118,,0.04302765217737153,True,0.7647058823529411,,0.042965820608871524,True,0.9411764705882353,,0.042983046222917216,True,1.0588235294117647,,0.043036816369478474,True,1.2352941176470589,,0.04307016448524995,True,1.3529411764705883,,0.04319018855762061,True,1.5294117647058822,,0.043204517470790404,True,1.6470588235294117,,0.04325482753273708,True,1.8235294117647058,,0.04329001701796911,True,1.9411764705882353,,0.04332965249153359,True,2.1176470588235294,,0.04341126582226802,True,2.235294117647059,,0.04350514809780958,True,2.411764705882353,,0.04356473703726315,True,2.5294117647058822,,0.04357819032874739,True,2.7058823529411766,,0.043609162450936684,True,2.823529411764706,,0.043739915015292556,True,3.0,
58,0.05538453321548833,True,0.17647058823529413,,0.044387291353082343,True,0.35294117647058826,,0.044023294279049004,True,0.47058823529411764,,0.042900281309817094,True,0.6470588235294118,,0.043005672034179696,True,0.7647058823529411,,0.04300076974560118,True,0.9411764705882353,,0.043039367863701126,True,1.0588235294117647,,0.0431280285767641,True,1.2352941176470589,,0.04317833643908905,True,1.3529411764705883,,0.043297380309144005,True,1.5294117647058822,,0.043379485078851074,True,1.6470588235294117,,0.043422091531911566,True,1.8235294117647058,,0.043443637155089185,True,1.9411764705882353,,0.043505644561652505,True,2.1176470588235294,,0.04361970013967569,True,2.235294117647059,,0.04369949251445252,True,2.411764705882353,,0.044167005509521,True,2.5294117647058822,,0.04389446129807364,True,2.7058823529411766,,0.043903826807978844,True,2.823529411764706,,0.044024291127609506,True,3.0,
59,0.05541419366890802,True,0.17647058823529413,,0.04448137641787444,True,0.35294117647058826,,0.04412643517906877,True,0.47058823529411764,,0.04287503798071616,True,0.6470588235294118,,0.042987813664230795,True,0.7647058823529411,,0.042955531627433756,True,0.9411764705882353,,0.04296917557543792,True,1.0588235294117647,,0.043025063050451014,True,1.2352941176470589,,0.04308782490246205,True,1.3529411764705883,,0.04317833053160178,True,1.5294117647058822,,0.04322672521101087,True,1.6470588235294117,,0.04329665217037637,True,1.8235294117647058,,0.04334017824797168,True,1.9411764705882353,,0.04338259883274179,True,2.1176470588235294,,0.04354579798512676,True,2.235294117647059,,0.0435845367884557,True,2.411764705882353,,0.043587097908641494,True,2.5294117647058822,,0.04360232844036533,True,2.7058823529411766,,0.04369561114505662,True,2.823529411764706,,0.043719163187630555,True,3.0,
60,0.05541210256049153,True,0.17647058823529413,,0.04711051078507519,True,0.35294117647058826,,0.04420901390165845,True,0.47058823529411764,,0.043255217048197875,True,0.6470588235294118,,0.04306408936343686,True,0.7647058823529411,,0.04298526294866792,True,0.9411764705882353,,0.04300122811362384,True,1.0588235294117647,,0.043048522202576475,True,1.2352941176470589,,0.043075739079282416,True,1.3529411764705883,,0.04316866961140149,True,1.5294117647058822,,0.0431647480072221,True,1.6470588235294117,,0.043266541079569044,True,1.8235294117647058,,0.043297840788024546,True,1.9411764705882353,,0.04335862231170059,True,2.1176470588235294,,0.04343403542631511,True,2.235294117647059,,0.0435339545478025,True,2.411764705882353,,0.043714933647249335,True,2.5294117647058822,,0.04360253308488059,True,2.7058823529411766,,0.044183866914721856,True,2.823529411764706,,0.04372019347439902,True,3.0,
61,0.05538606777903368,True,0.17647058823529413,,0.04439519413818411,True,0.35294117647058826,,0.044059172225159274,True,0.47058823529411764,,0.04312151885581437,True,0.6470588235294118,,0.04300836326879428,True,0.7647058823529411,,0.04300346295380998,True,0.9411764705882353,,0.043024822702036065,True,1.0588235294117647,,0.0430887016959711,True,1.2352941176470589,,0.04315480972144617,True,1.3529411764705883,,0.04325428576570224,True,1.5294117647058822,,0.04331664863032461,True,1.6470588235294117,,0.04336355021380358,True,1.8235294117647058,,0.04343774974918133,True,1.9411764705882353,,0.043502069743671865,True,2.1176470588235294,,0.04359971131127597,True,2.235294117647059,,0.0436081605182253,True,2.411764705882353,,0.04368046347897078,True,2.5294117647058822,,0.044041835735186885,True,2.7058823529411766,,0.043816975232569624,True,2.823529411764706,,0.043917579111221725,True,3.0,
62,0.055418503449293874,True,0.17647058823529413,,0.04715385377161449,True,0.35294117647058826,,0.04342635725308959,True,0.47058823529411764,,0.0433741200990318,True,0.6470588235294118,,0.043242399609146956,True,0.7647058823529411,,0.04316434656484325,True,0.9411764705882353,,0.04321879165494948,True,1.0588235294117647,,0.04324953708761262,True,1.2352941176470589,,0.04328432168588843,True,1.3529411764705883,,0.04337185688807477,True,1.5294117647058822,,0.043417659316117255,True,1.6470588235294117,,0.04347500513791359,True,1.8235294117647058,,0.043509199443068816,True,1.9411764705882353,,0.043550747215491084,True,2.1176470588235294,,0.043639579813787965,True,2.235294117647059,,0.04364986374045818,True,2.411764705882353,,0.043831418318621244,True,2.5294117647058822,,0.04380754127668853,True,2.7058823529411766,,0.04383051773229255,True,2.823529411764706,,0.04432217325110058,True,3.0,
63,0.05538347098468784,True,0.17647058823529413,,0.046768175630235276,True,0.35294117647058826,,0.04402717352633303,True,0.47058823529411764,,0.043128174131634445,True,0.6470588235294118,,0.04286602968833555,True,0.7647058823529411,,0.04288738953476781,True,0.9411764705882353,,0.04300641476284238,True,1.0588235294117647,,0.043001075076235906,True,1.2352941176470589,,0.04305825910875019,True,1.3529411764705883,,0.043154837248505724,True,1.5294117647058822,,0.043193611581233325,True,1.6470588235294117,,0.04326813109834169,True,1.8235294117647058,,0.043278628498714486,True,1.9411764705882353,,0.04334940437312053,True,2.1176470588235294,,0.04342383345763976,True,2.235294117647059,,0.043417390841071414,True,2.411764705882353,,0.043585880795945685,True,2.5294117647058822,,0.04351707389634023,True,2.7058823529411766,,0.0436639555567009,True,2.823529411764706,,0.04395070132093981,True,3.0,
64,0.055388291796846296,True,0.17647058823529413,,0.04682271882392902,True,0.35294117647058826,,0.04321260213117221,True,0.47058823529411764,,0.04314502077060316,True,0.6470588235294118,,0.04296586483188665,True,0.7647058823529411,,0.04293978901445968,True,0.9411764705882353,,0.04295993378765313,True,1.0588235294117647,,0.042989381720767425,True,1.2352941176470589,,0.0430323578078705,True,1.3529411764705883,,0.04312661882401578,True,1.5294117647058822,,0.0431959147035092,True,1.6470588235294117,,0.043256900391223284,True,1.8235294117647058,,0.04331755452475849,True,1.9411764705882353,,0.04338548002468899,True,2.1176470588235294,,0.04345361013671782,True,2.235294117647059,,0.0434773704822017,True,2.411764705882353,,0.04351017897425743,True,2.5294117647058822,,0.04362568777618314,True,2.7058823529411766,,0.04371656869483107,True,2.823529411764706,,0.04414042050517768,True,3.0,
65,0.05537733566485419,True,0.17647058823529413,,0.04438374195650998,True,0.35294117647058826,,0.04402466506162365,True,0.47058823529411764,,0.04314903679201774,True,0.6470588235294118,,0.04303469212122505,True,0.7647058823529411,,0.04298292578603198,True,0.9411764705882353,,0.043041318350954136,True,1.0588235294117647,,0.043092820417866586,True,1.2352941176470589,,0.04315944570567245,True,1.3529411764705883,,0.04329739781482561,True,1.5294117647058822,,0.04330717729961048,True,1.6470588235294117,,0.04335268734498941,True,1.8235294117647058,,0.043410914962204894,True,1.9411764705882353,,0.043474976251783634,True,2.1176470588235294,,0.04357041178126734,True,2.235294117647059,,0.04354451681093676,True,2.411764705882353,,0.04361884128518549,True,2.5294117647058822,,0.04370833222585268,True,2.7058823529411766,,0.0437925448185616,True,2.823529411764706,,0.043886122060639285,True,3.0,
66,0.055405095345331,True,0.17647058823529413,,0.044408064950147305,True,0.35294117647058826,,0.044044999787444646,True,0.47058823529411764,,0.04315998903056455,True,0.6470588235294118,,0.04303885279109701,True,0.7647058823529411,,0.04303497911771026,True,0.9411764705882353,,0.04306532544735456,True,1.0588235294117647,,0.04311872062319269,True,1.2352941176470589,,0.0431770965546448,True,1.3529411764705883,,0.04327340304251066,True,1.5294117647058822,,0.04331905950821406,True,1.6470588235294117,,0.043389649131195286,True,1.8235294117647058,,0.04343320003002543,True,1.9411764705882353,,0.043560274372938315,True,2.1176470588235294,,0.04357367206405975,True,2.235294117647059,,0.04366202651184107,True,2.411764705882353,,0.043727875615537114,True,2.5294117647058822,,0.043751711328919946,True,2.7058823529411766,,0.04382798070324656,True,2.823529411764706,,0.04396855217951181,True,3.0,
67,0.05540296861914284,True,0.17647058823529413,,0.046950685512927706,True,0.35294117647058826,,0.043287557503085966,True,0.47058823529411764,,0.043178528313056505,True,0.6470588235294118,,0.04289338492191982,True,0.7647058823529411,,0.04299566955040005,True,0.9411764705882353,,0.04299530091666983,True,1.0588235294117647,,0.04302005393079736,True,1.2352941176470589,,0.043076021542517516,True,1.3529411764705883,,0.04315143105931305,True,1.5294117647058822,,0.04319055466183502,True,1.6470588235294117,,0.04320459032117806,True,1.8235294117647058,,0.043231759908415636,True,1.9411764705882353,,0.04327653692815066,True,2.1176470588235294,,0.043394539032022936,True,2.235294117647059,,0.04342188746852891,True,2.411764705882353,,0.04373359481442498,True,2.5294117647058822,,0.04364269185483318,True,2.7058823529411766,,0.043583367588527794,True,2.823529411764706,,0.04393979182297627,True,3.0,
68,0.055385847182576824,True,0.17647058823529413,,0.04433629278071162,True,0.35294117647058826,,0.0439447733683065,True,0.47058823529411764,,0.042900357359414776,True,0.6470588235294118,,0.04300181954708378,True,0.7647058823529411,,0.042971719088324985,True,0.9411764705882353,,0.043004258389840046,True,1.0588235294117647,,0.043067212098802155,True,1.2352941176470589,,0.043163989117578204,True,1.3529411764705883,,0.043253499537462846,True,1.5294117647058822,,0.043329747398159285,True,1.6470588235294117,,0.043359005812696354,True,1.8235294117647058,,0.04340187589310775,True,1.9411764705882353,,0.04347901536803723,True,2.1176470588235294,,0.04353556175179637,True,2.235294117647059,,0.04364653309938584,True,2.411764705882353,,0.04363792454623364,True,2.5294117647058822,,0.04377678887130879,True,2.7058823529411766,,0.04376212524730332,True,2.823529411764706,,0.04387301582845609,True,3.0,
69,0.055386384998289746,True,0.17647058823529413,,0.04443536251301293,True,0.35294117647058826,,0.044155575459213954,True,0.47058823529411764,,0.04324475353746507,True,0.6470588235294118,,0.04310169706333107,True,0.7647058823529411,,0.04305665875360279,True,0.9411764705882353,,0.043088979805090875,True,1.0588235294117647,,0.04316570737967012,True,1.2352941176470589,,0.0432102620308822,True,1.3529411764705883,,0.04330431624099175,True,1.5294117647058822,,0.043361916284328623,True,1.6470588235294117,,0.04343931630672616,True,1.8235294117647058,,0.043469997485493586,True,1.9411764705882353,,0.043505908717144465,True,2.1176470588235294,,0.04354299541235062,True,2.235294117647059,,0.04371917163194033,True,2.411764705882353,,0.04404622786316363,True,2.5294117647058822,,0.04404153157348084,True,2.7058823529411766,,0.04380728117931415,True,2.823529411764706,,0.044171149859283,True,3.0,
70,0.055426264451732564,True,0.17647058823529413,,0.047211119906582374,True,0.35294117647058826,,0.044269811311078974,True,0.47058823529411764,,0.042951507853112456,True,0.6470588235294118,,0.04309085123271778,True,0.7647058823529411,,0.043012562118622664,True,0.9411764705882353,,0.04307147935510916,True,1.0588235294117647,,0.04308421353158891,True,1.2352941176470589,,0.04313716606840312,True,1.3529411764705883,,0.04322765529094267,True,1.5294117647058822,,0.043293148615391915,True,1.6470588235294117,,0.043372787783543414,True,1.8235294117647058,,0.043385067688783786,True,1.9411764705882353,,0.04348046183557867,True,2.1176470588235294,,0.04355507068020711,True,2.235294117647059,,0.0435881398955482,True,2.411764705882353,,0.0436452776203064,True,2.5294117647058822,,0.04382071198089188,True,2.7058823529411766,,0.04414674675387579,True,2.823529411764706,,0.04429386786563526,True,3.0,
71,0.05538393964488017,True,0.17647058823529413,,0.044322646234351684,True,0.35294117647058826,,0.04395583927036394,True,0.47058823529411764,,0.042823315482858476,True,0.6470588235294118,,0.04292297487958695,True,0.7647058823529411,,0.04287526100711735,True,0.9411764705882353,,0.042893657102568955,True,1.0588235294117647,,0.04299923870580995,True,1.2352941176470589,,0.0430109523072831,True,1.3529411764705883,,0.04312046778178395,True,1.5294117647058822,,0.04316599790776808,True,1.6470588235294117,,0.04320811312182791,True,1.8235294117647058,,0.04323753372342938,True,1.9411764705882353,,0.04333015939900208,True,2.1176470588235294,,0.04333548410157438,True,2.235294117647059,,0.043400139061354696,True,2.411764705882353,,0.04353450172547984,True,2.5294117647058822,,0.043529692154180295,True,2.7058823529411766,,0.04368430153333011,True,2.823529411764706,,0.043802006227110155,True,3.0,
72,0.05541128587203732,True,0.17647058823529413,,0.04691592821392368,True,0.35294117647058826,,0.04419819655338787,True,0.47058823529411764,,0.04332625727707109,True,0.6470588235294118,,0.04319677948930305,True,0.7647058823529411,,0.04314609153798649,True,0.9411764705882353,,0.04316922240665964,True,1.0588235294117647,,0.04322759057775319,True,1.2352941176470589,,0.04331587915017573,True,1.3529411764705883,,0.043394587585061685,True,1.5294117647058822,,0.04343873885029338,True,1.6470588235294117,,0.04347976681219017,True,1.8235294117647058,,0.043543161927794644,True,1.9411764705882353,,0.043665555201401265,True,2.1176470588235294,,0.04360855359847729,True,2.235294117647059,,0.0436960906808099,True,2.411764705882353,,0.043721814246075186,True,2.5294117647058822,,0.04387350618535629,True,2.7058823529411766,,0.043841000295112655,True,2.823529411764706,,0.04392927806290025,True,3.0,
73,0.05540736684935822,True,0.17647058823529413,,0.04695601488397957,True,0.35294117647058826,,0.04333193520961975,True,0.47058823529411764,,0.043278376049295866,True,0.6470588235294118,,0.04312652184324196,True,0.7647058823529411,,0.04310055668165779,True,0.9411764705882353,,0.0431564966931188,True,1.0588235294117647,,0.04319527728571645,True,1.2352941176470589,,0.04325338104251709,True,1.3529411764705883,,0.043337867067784794,True,1.5294117647058822,,0.04336666242383533,True,1.6470588235294117,,0.043440454691364074,True,1.8235294117647058,,0.04349099562578533,True,1.9411764705882353,,0.04364417078064681,True,2.1176470588235294,,0.04361446390702328,True,2.235294117647059,,0.04374622795331857,True,2.411764705882353,,0.0436988827843043,True,2.5294117647058822,,0.04405127570445478,True,2.7058823529411766,,0.04405342731701749,True,2.823529411764706,,0.04403898506698187,True,3.0,
74,0.05541266984477269,True,0.17647058823529413,,0.04689890958088668,True,0.35294117647058826,,0.04413249266379953,True,0.47058823529411764,,0.04314813218276626,True,0.6470588235294118,,0.04300399329349787,True,0.7647058823529411,,0.04295510689650258,True,0.9411764705882353,,0.04295966418047528,True,1.0588235294117647,,0.04301911560077174,True,1.2352941176470589,,0.04311636444255282,True,1.3529411764705883,,0.04317052217987347,True,1.5294117647058822,,0.04324134063172778,True,1.6470588235294117,,0.0432904495542112,True,1.8235294117647058,,0.04330085976563407,True,1.9411764705882353,,0.043383122837397446,True,2.1176470588235294,,0.04340974110477085,True,2.235294117647059,,0.04350943913065932,True,2.411764705882353,,0.04362771492200736,True,2.5294117647058822,,0.04358222992649627,True,2.7058823529411766,,0.043560919840920934,True,2.823529411764706,,0.04378082324004451,True,3.0,
75,0.05538402478999194,True,0.17647058823529413,,0.04441249056696171,True,0.35294117647058826,,0.04406618045206924,True,0.47058823529411764,,0.043228908690669934,True,0.6470588235294118,,0.043028359735316164,True,0.7647058823529411,,0.04311597008766618,True,0.9411764705882353,,0.04323672409311115,True,1.0588235294117647,,0.04322146695081147,True,1.2352941176470589,,0.04329969799067706,True,1.3529411764705883,,0.04343885032918474,True,1.5294117647058822,,0.04349160749303112,True,1.6470588235294117,,0.043518926458379494,True,1.8235294117647058,,0.04357214343959046,True,1.9411764705882353,,0.04368701602327514,True,2.1176470588235294,,0.04373762060257505,True,2.235294117647059,,0.04431449846753394,True,2.411764705882353,,0.04402026973832214,True,2.5294117647058822,,0.04406532854038291,True,2.7058823529411766,,0.04425231966355223,True,2.823529411764706,,0.044725553715929775,True,3.0,
76,0.055404971819323266,True,0.17647058823529413,,0.046990149591486806,True,0.35294117647058826,,0.04417985746973969,True,0.47058823529411764,,0.04294976014112959,True,0.6470588235294118,,0.04305347087404968,True,0.7647058823529411,,0.04300454440288104,True,0.9411764705882353,,0.04303652937754193,True,1.0588235294117647,,0.04308890792683872,True,1.2352941176470589,,0.04314435711435821,True,1.3529411764705883,,0.04321029861427447,True,1.5294117647058822,,0.043241619744751936,True,1.6470588235294117,,0.043341603102397715,True,1.8235294117647058,,0.04336478488965802,True,1.9411764705882353,,0.043430617429059556,True,2.1176470588235294,,0.043510404161300996,True,2.235294117647059,,0.043505263560216514,True,2.411764705882353,,0.04357510199233466,True,2.5294117647058822,,0.04372461983738854,True,2.7058823529411766,,0.04399375404743237,True,2.823529411764706,,0.04380681301531834,True,3.0,
77,0.055405888297789876,True,0.17647058823529413,,0.047003860969457495,True,0.35294117647058826,,0.044155077100431823,True,0.47058823529411764,,0.042901580534848834,True,0.6470588235294118,,0.04301627067353586,True,0.7647058823529411,,0.04297828533311862,True,0.9411764705882353,,0.04298615361694628,True,1.0588235294117647,,0.043047696395948985,True,1.2352941176470589,,0.043099318462489516,True,1.3529411764705883,,0.043199761913857646,True,1.5294117647058822,,0.043263718104445376,True,1.6470588235294117,,0.04332007244007089,True,1.8235294117647058,,0.04337421439449952,True,1.9411764705882353,,0.04345423485436821,True,2.1176470588235294,,0.043523235290844134,True,2.235294117647059,,0.04351142695089052,True,2.411764705882353,,0.043642645213853165,True,2.5294117647058822,,0.04366394359038272,True,2.7058823529411766,,0.04375340497649477,True,2.823529411764706,,0.04394061906196747,True,3.0,
78,0.05541513544526946,True,0.17647058823529413,,0.04708666487919931,True,0.35294117647058826,,0.044198043785985804,True,0.47058823529411764,,0.04324002032905054,True,0.6470588235294118,,0.043077724886447594,True,0.7647058823529411,,0.042969113855911234,True,0.9411764705882353,,0.0430268215118065,True,1.0588235294117647,,0.043064141792970564,True,1.2352941176470589,,0.043112304955353196,True,1.3529411764705883,,0.04319217644605025,True,1.5294117647058822,,0.043220994537840285,True,1.6470588235294117,,0.043291125104670994,True,1.8235294117647058,,0.043330077569481845,True,1.9411764705882353,,0.0434053121464998,True,2.1176470588235294,,0.04346391841651294,True,2.235294117647059,,0.04349286619505202,True,2.411764705882353,,0.04365337884293942,True,2.5294117647058822,,0.04403070381380284,True,2.7058823529411766,,0.04413804351891041,True,2.823529411764706,,0.04407133333881371,True,3.0,
79,0.05539608228597284,True,0.17647058823529413,,0.04689277114756118,True,0.35294117647058826,,0.04328630282723767,True,0.47058823529411764,,0.0432190148718452,True,0.6470588235294118,,0.04296765167694469,True,0.7647058823529411,,0.04305539413323937,True,0.9411764705882353,,0.04310626352793039,True,1.0588235294117647,,0.043082601169620593,True,1.2352941176470589,,0.04313855841589183,True,1.3529411764705883,,0.043238688855728555,True,1.5294117647058822,,0.04325919207717457,True,1.6470588235294117,,0.04331601734647171,True,1.8235294117647058,,0.04334853468742579,True,1.9411764705882353,,0.0434296374690185,True,2.1176470588235294,,0.0434830043180381,True,2.235294117647059,,0.04347641938829975,True,2.411764705882353,,0.04354452932507706,True,2.5294117647058822,,0.04372595233762095,True,2.7058823529411766,,0.04371826771782936,True,2.823529411764706,,0.04376762538955399,True,3.0,
80,0.05538984411143147,True,0.17647058823529413,,0.044400381444280136,True,0.35294117647058826,,0.044042809903913856,True,0.47058823529411764,,0.043143164022475006,True,0.6470588235294118,,0.04299010883539,True,0.7647058823529411,,0.04296472940576182,True,0.9411764705882353,,0.042994223807756915,True,1.0588235294117647,,0.04304111261516834,True,1.2352941176470589,,0.043099453115811995,True,1.3529411764705883,,0.04318816153550988,True,1.5294117647058822,,0.043261513620838354,True,1.6470588235294117,,0.043261541327787215,True,1.8235294117647058,,0.04331823250617994,True,1.9411764705882353,,0.043413109093972765,True,2.1176470588235294,,0.04344290560082784,True,2.235294117647059,,0.04354877531314791,True,2.411764705882353,,0.04350991265428795,True,2.5294117647058822,,0.04358065731570206,True,2.7058823529411766,,0.04383550463100972,True,2.823529411764706,,0.04376674863707438,True,3.0,
81,0.055407489182922015,True,0.17647058823529413,,0.046957880146428516,True,0.35294117647058826,,0.04418453688744671,True,0.47058823529411764,,0.04319575539714035,True,0.6470588235294118,,0.04303571669444355,True,0.7647058823529411,,0.04298958293130152,True,0.9411764705882353,,0.04302282237233738,True,1.0588235294117647,,0.043085152170061015,True,1.2352941176470589,,0.043150084488949136,True,1.3529411764705883,,0.04326505052890955,True,1.5294117647058822,,0.04331555151994275,True,1.6470588235294117,,0.043335364986128465,True,1.8235294117647058,,0.0433929506057189,True,1.9411764705882353,,0.04343762531718509,True,2.1176470588235294,,0.04345667329113301,True,2.235294117647059,,0.043504080191778045,True,2.411764705882353,,0.04361754837857003,True,2.5294117647058822,,0.043682151110878725,True,2.7058823529411766,,0.043841545505673575,True,2.823529411764706,,0.043849144091337326,True,3.0,
82,0.05538564001136607,True,0.17647058823529413,,0.04686646432545782,True,0.35294117647058826,,0.04412718785689449,True,0.47058823529411764,,0.04319164006887773,True,0.6470588235294118,,0.04304785157938713,True,0.7647058823529411,,0.04303185363640604,True,0.9411764705882353,,0.043054839188227646,True,1.0588235294117647,,0.04311065397369652,True,1.2352941176470589,,0.04316736790728597,True,1.3529411764705883,,0.04323830677032234,True,1.5294117647058822,,0.04330272619158651,True,1.6470588235294117,,0.04339635476673568,True,1.8235294117647058,,0.04339484460725378,True,1.9411764705882353,,0.043498605301774525,True,2.1176470588235294,,0.043573875804315015,True,2.235294117647059,,0.04356963363610379,True,2.411764705882353,,0.043601793460528976,True,2.5294117647058822,,0.04375808213916324,True,2.7058823529411766,,0.04382975441777191,True,2.823529411764706,,0.04404459684706581,True,3.0,
83,0.05539882663142947,True,0.17647058823529413,,0.0470503806415863,True,0.35294117647058826,,0.044233269863812145,True,0.47058823529411764,,0.04302325070348578,True,0.6470588235294118,,0.043139280162837614,True,0.7647058823529411,,0.043122841228138364,True,0.9411764705882353,,0.04311880060562516,True,1.0588235294117647,,0.04319397076271455,True,1.2352941176470589,,0.04323143973553039,True,1.3529411764705883,,0.043325958283455375,True,1.5294117647058822,,0.043331101258701085,True,1.6470588235294117,,0.04343096346387505,True,1.8235294117647058,,0.043447732720995315,True,1.9411764705882353,,0.04353992421064665,True,2.1176470588235294,,0.04358625795133806,True,2.235294117647059,,0.04368364999163586,True,2.411764705882353,,0.04396261344848696,True,2.5294117647058822,,0.04401868880421038,True,2.7058823529411766,,0.04399136416417217,True,2.823529411764706,,0.04390889444679613,True,3.0,
84,0.05537958997914169,True,0.17647058823529413,,0.044353944837582,True,0.35294117647058826,,0.04400306484048774,True,0.47058823529411764,,0.04314049724826828,True,0.6470588235294118,,0.04302709543139882,True,0.7647058823529411,,0.0429945669582635,True,0.9411764705882353,,0.043032153372695565,True,1.0588235294117647,,0.04309429910316502,True,1.2352941176470589,,0.043142043921984376,True,1.3529411764705883,,0.04324156073071694,True,1.5294117647058822,,0.043253669942042286,True,1.6470588235294117,,0.04332796730246645,True,1.8235294117647058,,0.043387643966337625,True,1.9411764705882353,,0.043442626722676236,True,2.1176470588235294,,0.04351495379197683,True,2.235294117647059,,0.04357278634720332,True,2.411764705882353,,0.04371618862728936,True,2.5294117647058822,,0.04370811594136519,True,2.7058823529411766,,0.043986671375548764,True,2.823529411764706,,0.04399056762214573,True,3.0,
85,0.05541879544277546,True,0.17647058823529413,,0.0470353111614362,True,0.35294117647058826,,0.043423017443635636,True,0.47058823529411764,,0.043415200011060806,True,0.6470588235294118,,0.0432790577989889,True,0.7647058823529411,,0.043213340523078944,True,0.9411764705882353,,0.04327650916341857,True,1.0588235294117647,,0.043304150466140015,True,1.2352941176470589,,0.043370041700206544,True,1.3529411764705883,,0.04345796044048435,True,1.5294117647058822,,0.04346393715281074,True,1.6470588235294117,,0.04354653841085806,True,1.8235294117647058,,0.04360724611532301,True,1.9411764705882353,,0.043656579884454774,True,2.1176470588235294,,0.04399198468104401,True,2.235294117647059,,0.0437568820625192,True,2.411764705882353,,0.043793859451732,True,2.5294117647058822,,0.043929265178923343,True,2.7058823529411766,,0.04419999304741306,True,2.823529411764706,,0.044080109278832734,True,3.0,
86,0.055379339314002754,True,0.17647058823529413,,0.044358486690650685,True,0.35294117647058826,,0.04399942329011176,True,0.47058823529411764,,0.04315386494681996,True,0.6470588235294118,,0.042922841174100425,True,0.7647058823529411,,0.04302000728804683,True,0.9411764705882353,,0.043042092675306586,True,1.0588235294117647,,0.04313263745158408,True,1.2352941176470589,,0.04316782166053487,True,1.3529411764705883,,0.04325461603597362,True,1.5294117647058822,,0.04333131913337887,True,1.6470588235294117,,0.043352260157714415,True,1.8235294117647058,,0.0434165702090225,True,1.9411764705882353,,0.04345572687583124,True,2.1176470588235294,,0.04354281855892981,True,2.235294117647059,,0.043598971915490926,True,2.411764705882353,,0.043645217373926896,True,2.5294117647058822,,0.0440630849191355,True,2.7058823529411766,,0.043851254875759964,True,2.823529411764706,,0.043837819988903924,True,3.0,
87,0.05540820999492951,True,0.17647058823529413,,0.047094898369531776,True,0.35294117647058826,,0.04326993195682864,True,0.47058823529411764,,0.042887595127726656,True,0.6470588235294118,,0.04299913848800195,True,0.7647058823529411,,0.042938744872704104,True,0.9411764705882353,,0.04294436841032279,True,1.0588235294117647,,0.0430090069361244,True,1.2352941176470589,,0.043082187664287584,True,1.3529411764705883,,0.043149033172542255,True,1.5294117647058822,,0.04319843739803264,True,1.6470588235294117,,0.04326027108496931,True,1.8235294117647058,,0.04329298489080298,True,1.9411764705882353,,0.04339266043416929,True,2.1176470588235294,,0.04339053539940198,True,2.235294117647059,,0.043470592075278855,True,2.411764705882353,,0.04356144895009573,True,2.5294117647058822,,0.04372376230326389,True,2.7058823529411766,,0.04374585997931995,True,2.823529411764706,,0.044080506397561135,True,3.0,
88,0.05539727895652455,True,0.17647058823529413,,0.04679519445106182,True,0.35294117647058826,,0.044069848954207694,True,0.47058823529411764,,0.04318032086275856,True,0.6470588235294118,,0.043031817632508115,True,0.7647058823529411,,0.04300169746924512,True,0.9411764705882353,,0.04305250323631887,True,1.0588235294117647,,0.043106535527387045,True,1.2352941176470589,,0.043166983109463736,True,1.3529411764705883,,0.043247152286390006,True,1.5294117647058822,,0.04332018074790967,True,1.6470588235294117,,0.04334597005545552,True,1.8235294117647058,,0.04339529534023144,True,1.9411764705882353,,0.04346159535118231,True,2.1176470588235294,,0.04353661397031641,True,2.235294117647059,,0.04356968464265687,True,2.411764705882353,,0.043634822790414064,True,2.5294117647058822,,0.043741013522147425,True,2.7058823529411766,,0.04377093156460851,True,2.823529411764706,,0.04394250902707521,True,3.0,
89,0.055404506944448685,True,0.17647058823529413,,0.046934645247335226,True,0.35294117647058826,,0.04327353300928807,True,0.47058823529411764,,0.04325830574579804,True,0.6470588235294118,,0.04311338692627441,True,0.7647058823529411,,0.04300078070475407,True,0.9411764705882353,,0.04306666153507095,True,1.0588235294117647,,0.04309280878081945,True,1.2352941176470589,,0.043175706798167214,True,1.3529411764705883,,0.04323807925596013,True,1.5294117647058822,,0.04327546631068666,True,1.6470588235294117,,0.04331693045506418,True,1.8235294117647058,,0.04334513634969709,True,1.9411764705882353,,0.04342272014233097,True,2.1176470588235294,,0.04344557860138778,True,2.235294117647059,,0.04355866282060071,True,2.411764705882353,,0.04353302491912313,True,2.5294117647058822,,0.04378259921116509,True,2.7058823529411766,,0.043813905454784356,True,2.823529411764706,,0.043930220905346394,True,3.0,
90,0.05541713595752492,True,0.17647058823529413,,0.04703110153636797,True,0.35294117647058826,,0.043373219766229876,True,0.47058823529411764,,0.043323845140157774,True,0.6470588235294118,,0.04317860693404175,True,0.7647058823529411,,0.04315207107866499,True,0.9411764705882353,,0.04316377035096563,True,1.0588235294117647,,0.04324022534051742,True,1.2352941176470589,,0.043298520506926834,True,1.3529411764705883,,0.043345511957581115,True,1.5294117647058822,,0.043391345213987194,True,1.6470588235294117,,0.04346634875862112,True,1.8235294117647058,,0.04350406604205125,True,1.9411764705882353,,0.04351688935037835,True,2.1176470588235294,,0.04355954018621477,True,2.235294117647059,,0.043656649391996476,True,2.411764705882353,,0.043646770313181184,True,2.5294117647058822,,0.04379114481461703,True,2.7058823529411766,,0.0438421696226478,True,2.823529411764706,,0.04401779630073763,True,3.0,
91,0.0554039991250512,True,0.17647058823529413,,0.046879318583428864,True,0.35294117647058826,,0.04330476278997558,True,0.47058823529411764,,0.04324068349410226,True,0.6470588235294118,,0.04309762900287836,True,0.7647058823529411,,0.04305625371232312,True,0.9411764705882353,,0.0430750745313886,True,1.0588235294117647,,0.043125922094907225,True,1.2352941176470589,,0.04317252338593817,True,1.3529411764705883,,0.043274410338184986,True,1.5294117647058822,,0.04330162441835842,True,1.6470588235294117,,0.04337469356022255,True,1.8235294117647058,,0.04339882603747692,True,1.9411764705882353,,0.043475886124181726,True,2.1176470588235294,,0.04388028294850749,True,2.235294117647059,,0.04356190005577396,True,2.411764705882353,,0.04375622770663945,True,2.5294117647058822,,0.043765342231162956,True,2.7058823529411766,,0.04386513149272461,True,2.823529411764706,,0.04414009987252617,True,3.0,
92,0.05541962953979594,True,0.17647058823529413,,0.046967206613661085,True,0.35294117647058826,,0.043363060584552214,True,0.47058823529411764,,0.043319282900098226,True,0.6470588235294118,,0.04318810993076666,True,0.7647058823529411,,0.0431474175959766,True,0.9411764705882353,,0.04316747989822374,True,1.0588235294117647,,0.043271460565719164,True,1.2352941176470589,,0.04330622150010204,True,1.3529411764705883,,0.04335961662504992,True,1.5294117647058822,,0.043389610423270095,True,1.6470588235294117,,0.043453829978424195,True,1.8235294117647058,,0.04351177497369844,True,1.9411764705882353,,0.043560895368055935,True,2.1176470588235294,,0.04357782102777767,True,2.235294117647059,,0.043646990252721486,True,2.411764705882353,,0.043679595980382666,True,2.5294117647058822,,0.04383236786343886,True,2.7058823529411766,,0.044177641097693725,True,2.823529411764706,,0.04424016391363766,True,3.0,
93,0.05540674853733564,True,0.17647058823529413,,0.04709830787365175,True,0.35294117647058826,,0.04326810222385909,True,0.47058823529411764,,0.04317372467567747,True,0.6470588235294118,,0.043023441196473076,True,0.7647058823529411,,0.0429680873077241,True,0.9411764705882353,,0.042966006591679165,True,1.0588235294117647,,0.04299429580968756,True,1.2352941176470589,,0.043057995533500426,True,1.3529411764705883,,0.043122950351966526,True,1.5294117647058822,,0.043170974295795014,True,1.6470588235294117,,0.043198327389851715,True,1.8235294117647058,,0.043232824122338885,True,1.9411764705882353,,0.04333242992882776,True,2.1176470588235294,,0.0433594273832315,True,2.235294117647059,,0.04343847003810954,True,2.411764705882353,,0.043473145507302385,True,2.5294117647058822,,0.043460297100108694,True,2.7058823529411766,,0.04359090301645261,True,2.823529411764706,,0.04395097073936491,True,3.0,
94,0.055385410608961176,True,0.17647058823529413,,0.04682677765974541,True,0.35294117647058826,,0.0440632751979563,True,0.47058823529411764,,0.043121045028541895,True,0.6470588235294118,,0.042992685748852975,True,0.7647058823529411,,0.04295208900272119,True,0.9411764705882353,,0.04296380315427716,True,1.0588235294117647,,0.04301264571607524,True,1.2352941176470589,,0.043032028255069944,True,1.3529411764705883,,0.0431181691985826,True,1.5294117647058822,,0.043156166605306155,True,1.6470588235294117,,0.04320198437395539,True,1.8235294117647058,,0.04325264207840668,True,1.9411764705882353,,0.04329944366376361,True,2.1176470588235294,,0.04334315485358806,True,2.235294117647059,,0.04338477704110516,True,2.411764705882353,,0.04351827093232406,True,2.5294117647058822,,0.04358359879530259,True,2.7058823529411766,,0.043637493469962464,True,2.823529411764706,,0.04366148011486134,True,3.0,
95,0.05541231068688706,True,0.17647058823529413,,0.047125656337275036,True,0.35294117647058826,,0.0442593702514221,True,0.47058823529411764,,0.04328080481377454,True,0.6470588235294118,,0.043078598096635716,True,0.7647058823529411,,0.04301546756259021,True,0.9411764705882353,,0.04304388412312372,True,1.0588235294117647,,0.04311622384235459,True,1.2352941176470589,,0.043154250775938256,True,1.3529411764705883,,0.04328513502710311,True,1.5294117647058822,,0.04330353866436298,True,1.6470588235294117,,0.043357531170231965,True,1.8235294117647058,,0.04345180727008878,True,1.9411764705882353,,0.043515821962375016,True,2.1176470588235294,,0.04355185103909161,True,2.235294117647059,,0.04364779602784283,True,2.411764705882353,,0.04361569349292438,True,2.5294117647058822,,0.043818657066103,True,2.7058823529411766,,0.043815703594754944,True,2.823529411764706,,0.044010821557323554,True,3.0,
96,0.05537750447195399,True,0.17647058823529413,,0.044338025695890584,True,0.35294117647058826,,0.04402080250291604,True,0.47058823529411764,,0.04317409202670837,True,0.6470588235294118,,0.04297856895707359,True,0.7647058823529411,,0.0430452429625169,True,0.9411764705882353,,0.043089073106156825,True,1.0588235294117647,,0.04315448198119375,True,1.2352941176470589,,0.04322403316513908,True,1.3529411764705883,,0.04334364279673984,True,1.5294117647058822,,0.043380810875419326,True,1.6470588235294117,,0.04345066560680834,True,1.8235294117647058,,0.043509029539449504,True,1.9411764705882353,,0.04359101174148235,True,2.1176470588235294,,0.043688927039328494,True,2.235294117647059,,0.043725478016101875,True,2.411764705882353,,0.043778736414028116,True,2.5294117647058822,,0.04384491077170377,True,2.7058823529411766,,0.043956454461630455,True,2.823529411764706,,0.043972101105038866,True,3.0,
97,0.055406610233736026,True,0.17647058823529413,,0.046977278720347994,True,0.35294117647058826,,0.04328414692901683,True,0.47058823529411764,,0.043211550821213064,True,0.6470588235294118,,0.04304618898652371,True,0.7647058823529411,,0.04299535041220667,True,0.9411764705882353,,0.043032798647378245,True,1.0588235294117647,,0.043062992301071135,True,1.2352941176470589,,0.04311852460277217,True,1.3529411764705883,,0.04320992630842916,True,1.5294117647058822,,0.043225294850112145,True,1.6470588235294117,,0.04331586030645529,True,1.8235294117647058,,0.04332544896477879,True,1.9411764705882353,,0.04341186112402331,True,2.1176470588235294,,0.04343016408290013,True,2.235294117647059,,0.043598378563063124,True,2.411764705882353,,0.04352385876054334,True,2.5294117647058822,,0.043819914664281125,True,2.7058823529411766,,0.04375609347460173,True,2.823529411764706,,0.04401482571481691,True,3.0,
98,0.05542285269095451,True,0.17647058823529413,,0.047206784135704755,True,0.35294117647058826,,0.044266709338340225,True,0.47058823529411764,,0.043206755770270666,True,0.6470588235294118,,0.04300439345759531,True,0.7647058823529411,,0.042936640347061975,True,0.9411764705882353,,0.04291230279964424,True,1.0588235294117647,,0.04294617299428424,True,1.2352941176470589,,0.04300208611097719,True,1.3529411764705883,,0.04307100256312508,True,1.5294117647058822,,0.043081559097587915,True,1.6470588235294117,,0.04316466849277962,True,1.8235294117647058,,0.04321031939953497,True,1.9411764705882353,,0.04327976020260833,True,2.1176470588235294,,0.04333728214858999,True,2.235294117647059,,0.04338249419715536,True,2.411764705882353,,0.04358598564168779,True,2.5294117647058822,,0.04357199621886571,True,2.7058823529411766,,0.04371152258833265,True,2.823529411764706,,0.043562541943362676,True,3.0,
99,0.05540431950370297,True,0.17647058823529413,,0.04695917212342146,True,0.35294117647058826,,0.04417867041709298,True,0.47058823529411764,,0.043223495308308366,True,0.6470588235294118,,0.04310016407200681,True,0.7647058823529411,,0.04304885876205573,True,0.9411764705882353,,0.043073680784072386,True,1.0588235294117647,,0.04312464502552597,True,1.2352941176470589,,0.04314769930530578,True,1.3529411764705883,,0.04324707197233698,True,1.5294117647058822,,0.043283811876224515,True,1.6470588235294117,,0.04336713286520269,True,1.8235294117647058,,0.043394301239659455,True,1.9411764705882353,,0.043443383039756193,True,2.1176470588235294,,0.04346605383048333,True,2.235294117647059,,0.0435272356456392,True,2.411764705882353,,0.04367314658933432,True,2.5294117647058822,,0.04380048241748881,True,2.7058823529411766,,0.04382813115628463,True,2.823529411764706,,0.04375090359163828,True,3.0,
